Student_ID,Name,Department,Python,DBMS,DSA,OS,JavaScript,Attendance
STD001,Aarav Sharma,AIML,85,78,92,80,91,92%
STD002,Ananya Iyer,AIML,94,88,85,65,74,96%
STD003,Rohan Verma,AIML,62,58,70,80,91,90%
STD004,Sneha Patel,AIML,78,82,75,72,55,74%
STD005,Vikram Rao,AIML,88,91,84,86,89,88%
STD006,Priya Nair,AIML,71,75,88,82,80,95%
STD007,Rahul Gupta,AIML,55,64,60,58,70,81%
STD008,Pooja Kulkarni,AIML,90,85,94,90,92,92%
STD009,Aditya Singh,AIML,82,79,78,75,87,94%
STD010,Kavya Joshi,AIML,67,72,81,79,84,89%
STD011,Manish Mehta,AIML,76,70,68,66,73,85%
STD012,Divya Menon,AIML,95,92,89,91,96,98%
STD013,Arjun Reddy,AIML,58,62,72,70,60,76%
STD014,Meera Das,AIML,84,86,80,85,82,96%
STD015,Nikhil Sen,AIML,73,69,77,74,71,83%